{
  "precision": 0.8403755868544601,
  "recall": 0.8443396226415094,
  "f1": 0.8423529411764705,
  "total_tp": 179,
  "total_fp": 34,
  "total_fn": 33,
  "per_class": {
    "Stuffed Bear Blue SB-1-B": {
      "precision": 0.76,
      "recall": 0.7916666666666666,
      "f1": 0.7755102040816326
    },
    "Halloween Pumpkin Plastic 7-P": {
      "precision": 0.9555555555555556,
      "recall": 0.9347826086956522,
      "f1": 0.945054945054945
    },
    "Pocket Tomika P060": {
      "precision": 0.75,
      "recall": 0.75,
      "f1": 0.75
    }
  },
  "approach": "ovd_dinov2",
  "thresholds": {
    "text_threshold": 0.15,
    "match_threshold": 0.22,
    "nms_threshold": 0.45,
    "iou_threshold": 0.5,
    "box_threshold": 0.2,
    "max_box_area_ratio": 0.25,
    "tiny_box_area_ratio": 0.015,
    "tiny_box_min_proposal_score": 0.3,
    "max_proposals": 500,
    "proposal_threshold": 0.01,
    "graph_steps": 30
  },
  "gpu_memory_peak_gb": 5.667264461517334,
  "avg_inference_time_seconds": 1.2398242845640077
}