{
  "precision": 0.6577777777777778,
  "recall": 0.7014218009478673,
  "f1": 0.6788990825688074,
  "total_tp": 148,
  "total_fp": 77,
  "total_fn": 63,
  "per_class": {
    "Pocket Tomika P060": {
      "precision": 0.30392156862745096,
      "recall": 0.6595744680851063,
      "f1": 0.4161073825503355
    },
    "Halloween Pumpkin Plastic 7-P": {
      "precision": 0.9342105263157895,
      "recall": 0.7717391304347826,
      "f1": 0.8452380952380952
    },
    "Stuffed Bear Blue SB-1-B": {
      "precision": 0.9787234042553191,
      "recall": 0.6388888888888888,
      "f1": 0.773109243697479
    }
  }
}