{
  "precision": 0.3138138138138138,
  "recall": 0.990521327014218,
  "f1": 0.4766248574686431,
  "total_tp": 209,
  "total_fp": 457,
  "total_fn": 2,
  "per_class": {
    "Stuffed Bear Blue SB-1-B": {
      "precision": 0.2440677966101695,
      "recall": 1.0,
      "f1": 0.3923705722070845
    },
    "Pocket Tomika P060": {
      "precision": 0.415929203539823,
      "recall": 1.0,
      "f1": 0.5875
    },
    "Halloween Pumpkin Plastic 7-P": {
      "precision": 0.3488372093023256,
      "recall": 0.9782608695652174,
      "f1": 0.5142857142857142
    }
  }
}