{
  "precision": 0.6583333333333333,
  "recall": 0.7488151658767772,
  "f1": 0.7006651884700665,
  "total_tp": 158,
  "total_fp": 82,
  "total_fn": 53,
  "per_class": {
    "Stuffed Bear Blue SB-1-B": {
      "precision": 0.4015748031496063,
      "recall": 0.7083333333333334,
      "f1": 0.5125628140703516
    },
    "Halloween Pumpkin Plastic 7-P": {
      "precision": 0.9375,
      "recall": 0.8152173913043478,
      "f1": 0.872093023255814
    },
    "Pocket Tomika P060": {
      "precision": 0.9696969696969697,
      "recall": 0.6808510638297872,
      "f1": 0.7999999999999999
    }
  },
  "approach": "OVD_DINOv2",
  "thresholds": {
    "text_threshold": 0.15,
    "match_threshold": 0.22,
    "nms_threshold": 0.45,
    "iou_threshold": 0.5,
    "box_threshold": 0.2,
    "max_box_area_ratio": 0.25,
    "tiny_box_area_ratio": 0.015,
    "tiny_box_min_proposal_score": 0.3,
    "max_proposals": 500,
    "proposal_threshold": 0.01,
    "graph_steps": 30
  },
  "gpu_memory_peak_gb": 6.184178352355957,
  "avg_inference_time_seconds": 1.839345945106758
}