{
  "precision": 0.9073170731707317,
  "recall": 0.8773584905660378,
  "f1": 0.8920863309352518,
  "total_tp": 186,
  "total_fp": 19,
  "total_fn": 26,
  "per_class": {
    "Halloween Pumpkin Plastic 7-P": {
      "precision": 0.9,
      "recall": 0.8804347826086957,
      "f1": 0.8901098901098902
    },
    "Stuffed Bear Blue SB-1-B": {
      "precision": 0.8732394366197183,
      "recall": 0.8611111111111112,
      "f1": 0.8671328671328671
    },
    "Pocket Tomika P060": {
      "precision": 0.9772727272727273,
      "recall": 0.8958333333333334,
      "f1": 0.9347826086956522
    }
  },
  "approach": "OVD_DINOv2",
  "thresholds": {
    "text_threshold": 0.15,
    "match_threshold": 0.22,
    "nms_threshold": 0.45,
    "iou_threshold": 0.5,
    "box_threshold": 0.2,
    "max_box_area_ratio": 0.25,
    "tiny_box_area_ratio": 0.015,
    "tiny_box_min_proposal_score": 0.3,
    "max_proposals": 500,
    "proposal_threshold": 0.01,
    "graph_steps": 30
  },
  "gpu_memory_peak_gb": 6.23417854309082,
  "avg_inference_time_seconds": 2.80101031261486
}