{
  "precision": 0.7490196078431373,
  "recall": 0.9052132701421801,
  "f1": 0.8197424892703864,
  "total_tp": 191,
  "total_fp": 64,
  "total_fn": 20,
  "per_class": {
    "Stuffed Bear Blue SB-1-B": {
      "precision": 0.5517241379310345,
      "recall": 0.8888888888888888,
      "f1": 0.6808510638297872
    },
    "Halloween Pumpkin Plastic 7-P": {
      "precision": 0.9555555555555556,
      "recall": 0.9347826086956522,
      "f1": 0.945054945054945
    },
    "Pocket Tomika P060": {
      "precision": 0.8367346938775511,
      "recall": 0.8723404255319149,
      "f1": 0.8541666666666667
    }
  },
  "approach": "OVD_DINOv2",
  "thresholds": {
    "text_threshold": 0.15,
    "match_threshold": 0.22,
    "nms_threshold": 0.45,
    "iou_threshold": 0.5,
    "box_threshold": 0.2,
    "max_box_area_ratio": 0.25,
    "tiny_box_area_ratio": 0.015,
    "tiny_box_min_proposal_score": 0.3,
    "max_proposals": 500,
    "proposal_threshold": 0.01,
    "graph_steps": 30
  },
  "gpu_memory_peak_gb": 6.23417854309082,
  "avg_inference_time_seconds": 2.649451826954936
}