{
  "precision": 0.9204545454545454,
  "recall": 0.7677725118483413,
  "f1": 0.8372093023255813,
  "total_tp": 162,
  "total_fp": 14,
  "total_fn": 49,
  "per_class": {
    "Halloween Pumpkin Plastic 7-P": {
      "precision": 0.9230769230769231,
      "recall": 0.9130434782608695,
      "f1": 0.9180327868852459
    },
    "Stuffed Bear Blue SB-1-B": {
      "precision": 0.9019607843137255,
      "recall": 0.6388888888888888,
      "f1": 0.7479674796747967
    },
    "Pocket Tomika P060": {
      "precision": 0.9411764705882353,
      "recall": 0.6808510638297872,
      "f1": 0.7901234567901235
    }
  },
  "approach": "OVD_DINOv2",
  "thresholds": {
    "text_threshold": 0.15,
    "match_threshold": 0.22,
    "nms_threshold": 0.45,
    "iou_threshold": 0.5,
    "box_threshold": 0.2,
    "max_box_area_ratio": 0.25,
    "tiny_box_area_ratio": 0.015,
    "tiny_box_min_proposal_score": 0.3,
    "max_proposals": 500,
    "proposal_threshold": 0.01,
    "graph_steps": 30
  },
  "gpu_memory_peak_gb": 6.234121322631836,
  "avg_inference_time_seconds": 2.461302427145151
}