{
  "precision": 0.9669421487603306,
  "recall": 0.5545023696682464,
  "f1": 0.7048192771084337,
  "total_tp": 117,
  "total_fp": 4,
  "total_fn": 94,
  "per_class": {
    "Stuffed Bear Blue SB-1-B": {
      "precision": 1.0,
      "recall": 0.3611111111111111,
      "f1": 0.5306122448979591
    },
    "Halloween Pumpkin Plastic 7-P": {
      "precision": 0.9420289855072463,
      "recall": 0.7065217391304348,
      "f1": 0.8074534161490684
    },
    "Pocket Tomika P060": {
      "precision": 1.0,
      "recall": 0.5531914893617021,
      "f1": 0.7123287671232876
    }
  },
  "approach": "FSODVFM",
  "thresholds": {
    "text_threshold": 0.15,
    "match_threshold": 0.22,
    "nms_threshold": 0.45,
    "iou_threshold": 0.5,
    "box_threshold": 0.2,
    "max_box_area_ratio": 0.25,
    "tiny_box_area_ratio": 0.015,
    "tiny_box_min_proposal_score": 0.3,
    "max_proposals": 500,
    "proposal_threshold": 0.01,
    "graph_steps": 30
  },
  "gpu_memory_peak_gb": 3.4141950607299805,
  "avg_inference_time_seconds": 2.2119965972481195
}