{
  "precision": 0.5514950166112956,
  "recall": 0.7867298578199052,
  "f1": 0.6484375,
  "total_tp": 166,
  "total_fp": 135,
  "total_fn": 45,
  "per_class": {
    "Stuffed Bear Blue SB-1-B": {
      "precision": 0.4295774647887324,
      "recall": 0.8472222222222222,
      "f1": 0.5700934579439252
    },
    "Halloween Pumpkin Plastic 7-P": {
      "precision": 0.9459459459459459,
      "recall": 0.7608695652173914,
      "f1": 0.8433734939759038
    },
    "Pocket Tomika P060": {
      "precision": 0.4117647058823529,
      "recall": 0.7446808510638298,
      "f1": 0.5303030303030303
    }
  }
}