{
  "precision": 0.46153846153846156,
  "recall": 0.6666666666666666,
  "f1": 0.5454545454545455,
  "total_tp": 6,
  "total_fp": 7,
  "total_fn": 3,
  "per_class": {
    "Stuffed Bear Blue SB-1-B": {
      "precision": 0.2222222222222222,
      "recall": 0.6666666666666666,
      "f1": 0.3333333333333333
    },
    "Halloween Pumpkin Plastic 7-P": {
      "precision": 1.0,
      "recall": 0.75,
      "f1": 0.8571428571428571
    },
    "Pocket Tomika P060": {
      "precision": 1.0,
      "recall": 0.5,
      "f1": 0.6666666666666666
    }
  },
  "approach": "mmgroundingdino",
  "thresholds": {
    "text_threshold": 0.15,
    "match_threshold": 0.22,
    "nms_threshold": 0.45,
    "iou_threshold": 0.5,
    "box_threshold": 0.2,
    "max_box_area_ratio": 0.25,
    "tiny_box_area_ratio": 0.015,
    "tiny_box_min_proposal_score": 0.3,
    "max_proposals": 500,
    "proposal_threshold": 0.01,
    "graph_steps": 30
  },
  "gpu_memory_peak_gb": 2.281698703765869,
  "avg_inference_time_seconds": 0.7204839706420898
}