{
  "precision": 0.437636761487965,
  "recall": 0.9478672985781991,
  "f1": 0.5988023952095808,
  "total_tp": 200,
  "total_fp": 257,
  "total_fn": 11,
  "per_class": {
    "Pocket Tomika P060": {
      "precision": 0.21296296296296297,
      "recall": 0.9787234042553191,
      "f1": 0.34980988593155893
    },
    "Stuffed Bear Blue SB-1-B": {
      "precision": 0.6956521739130435,
      "recall": 0.8888888888888888,
      "f1": 0.7804878048780488
    },
    "Halloween Pumpkin Plastic 7-P": {
      "precision": 0.6040268456375839,
      "recall": 0.9782608695652174,
      "f1": 0.7468879668049793
    }
  },
  "approach": "GroundingDINO",
  "thresholds": {
    "text_threshold": 0.15,
    "match_threshold": 0.22,
    "nms_threshold": 0.45,
    "iou_threshold": 0.5,
    "box_threshold": 0.2,
    "max_box_area_ratio": 0.25,
    "tiny_box_area_ratio": 0.015,
    "tiny_box_min_proposal_score": 0.3,
    "max_proposals": 500,
    "proposal_threshold": 0.01,
    "graph_steps": 30
  },
  "gpu_memory_peak_gb": 2.318185806274414,
  "avg_inference_time_seconds": 0.5377354674286895
}