{
  "precision": 0.6626016260162602,
  "recall": 0.7725118483412322,
  "f1": 0.7133479212253829,
  "total_tp": 163,
  "total_fp": 83,
  "total_fn": 48,
  "per_class": {
    "Stuffed Bear Blue SB-1-B": {
      "precision": 0.41044776119402987,
      "recall": 0.7638888888888888,
      "f1": 0.5339805825242718
    },
    "Halloween Pumpkin Plastic 7-P": {
      "precision": 0.9540229885057471,
      "recall": 0.9021739130434783,
      "f1": 0.9273743016759777
    },
    "Pocket Tomika P060": {
      "precision": 1.0,
      "recall": 0.5319148936170213,
      "f1": 0.6944444444444444
    }
  },
  "approach": "ovd_dinov2",
  "thresholds": {
    "text_threshold": 0.15,
    "match_threshold": 0.22,
    "nms_threshold": 0.45,
    "iou_threshold": 0.5,
    "box_threshold": 0.2,
    "max_box_area_ratio": 0.25,
    "tiny_box_area_ratio": 0.015,
    "tiny_box_min_proposal_score": 0.3,
    "max_proposals": 500,
    "proposal_threshold": 0.01,
    "graph_steps": 30
  },
  "gpu_memory_peak_gb": 5.608882904052734,
  "avg_inference_time_seconds": 0.8177552590003381
}