{
  "precision": 0.8472222222222222,
  "recall": 0.8632075471698113,
  "f1": 0.8551401869158878,
  "total_tp": 183,
  "total_fp": 33,
  "total_fn": 29,
  "per_class": {
    "Stuffed Bear Blue SB-1-B": {
      "precision": 0.76,
      "recall": 0.7916666666666666,
      "f1": 0.7755102040816326
    },
    "Halloween Pumpkin Plastic 7-P": {
      "precision": 0.967741935483871,
      "recall": 0.9782608695652174,
      "f1": 0.972972972972973
    },
    "Pocket Tomika P060": {
      "precision": 0.75,
      "recall": 0.75,
      "f1": 0.75
    }
  },
  "approach": "OVD_DINOv2",
  "thresholds": {
    "text_threshold": 0.15,
    "match_threshold": 0.22,
    "nms_threshold": 0.45,
    "iou_threshold": 0.5,
    "box_threshold": 0.2,
    "max_box_area_ratio": 0.25,
    "tiny_box_area_ratio": 0.015,
    "tiny_box_min_proposal_score": 0.3,
    "max_proposals": 500,
    "proposal_threshold": 0.01,
    "graph_steps": 30
  },
  "gpu_memory_peak_gb": 6.23417854309082,
  "avg_inference_time_seconds": 2.71524824152936
}