{
  "precision": 0.9669421487603306,
  "recall": 0.5545023696682464,
  "f1": 0.7048192771084337,
  "total_tp": 117,
  "total_fp": 4,
  "total_fn": 94,
  "per_class": {
    "Stuffed Bear Blue SB-1-B": {
      "precision": 1.0,
      "recall": 0.3611111111111111,
      "f1": 0.5306122448979591
    },
    "Halloween Pumpkin Plastic 7-P": {
      "precision": 0.9420289855072463,
      "recall": 0.7065217391304348,
      "f1": 0.8074534161490684
    },
    "Pocket Tomika P060": {
      "precision": 1.0,
      "recall": 0.5531914893617021,
      "f1": 0.7123287671232876
    }
  }
}