{
  "precision": 0.1887366818873668,
  "recall": 0.5876777251184834,
  "f1": 0.2857142857142857,
  "total_tp": 124,
  "total_fp": 533,
  "total_fn": 87,
  "per_class": {
    "Stuffed Bear Blue SB-1-B": {
      "precision": 0.12203389830508475,
      "recall": 1.0,
      "f1": 0.2175226586102719
    },
    "Halloween Pumpkin Plastic 7-P": {
      "precision": 0.7169811320754716,
      "recall": 0.41304347826086957,
      "f1": 0.5241379310344828
    },
    "Pocket Tomika P060": {
      "precision": 1.0,
      "recall": 0.2978723404255319,
      "f1": 0.45901639344262296
    }
  }
}